Brand,fueltype,symboling,doornumber,carbody,drivewheel,cylindernumber,enginesize,horsepower,price
alfa-romeo,gas,3,two,convertible,rwd,4,130,111,13495.0
alfa-romeo,gas,3,two,convertible,rwd,4,130,111,16500.0
alfa-romeo,gas,1,two,hatchback,rwd,6,152,154,16500.0
audi,gas,2,four,sedan,fwd,4,109,102,13950.0
audi,gas,2,four,sedan,4wd,5,136,115,17450.0
audi,gas,2,two,sedan,fwd,5,136,110,15250.0
audi,gas,1,four,sedan,fwd,5,136,110,17710.0
audi,gas,1,four,wagon,fwd,5,136,110,18920.0
audi,gas,1,four,sedan,fwd,5,131,140,23875.0
audi,gas,0,two,hatchback,4wd,5,131,160,17859.167
bmw,gas,2,two,sedan,rwd,4,108,101,16430.0
bmw,gas,0,four,sedan,rwd,4,108,101,16925.0
bmw,gas,0,two,sedan,rwd,6,164,121,20970.0
bmw,gas,0,four,sedan,rwd,6,164,121,21105.0
bmw,gas,1,four,sedan,rwd,6,164,121,24565.0
bmw,gas,0,four,sedan,rwd,6,209,182,30760.0
bmw,gas,0,two,sedan,rwd,6,209,182,41315.0
bmw,gas,0,four,sedan,rwd,6,209,182,36880.0
chevrolet,gas,2,two,hatchback,fwd,3,61,48,5151.0
chevrolet,gas,1,two,hatchback,fwd,4,90,70,6295.0
chevrolet,gas,0,four,sedan,fwd,4,90,70,6575.0
dodge,gas,1,two,hatchback,fwd,4,90,68,5572.0
dodge,gas,1,two,hatchback,fwd,4,90,68,6377.0
dodge,gas,1,two,hatchback,fwd,4,98,102,7957.0
dodge,gas,1,four,hatchback,fwd,4,90,68,6229.0
dodge,gas,1,four,sedan,fwd,4,90,68,6692.0
dodge,gas,1,four,sedan,fwd,4,90,68,7609.0
dodge,gas,1,two,sedan,fwd,4,98,102,8558.0
dodge,gas,-1,four,wagon,fwd,4,122,88,8921.0
dodge,gas,3,two,hatchback,fwd,4,156,145,12964.0
honda,gas,2,two,hatchback,fwd,4,92,58,6479.0
honda,gas,2,two,hatchback,fwd,4,92,76,6855.0
honda,gas,1,two,hatchback,fwd,4,79,60,5399.0
honda,gas,1,two,hatchback,fwd,4,92,76,6529.0
honda,gas,1,two,hatchback,fwd,4,92,76,7129.0
honda,gas,0,four,sedan,fwd,4,92,76,7295.0
honda,gas,0,four,wagon,fwd,4,92,76,7295.0
honda,gas,0,two,hatchback,fwd,4,110,86,7895.0
honda,gas,0,two,hatchback,fwd,4,110,86,9095.0
honda,gas,0,four,sedan,fwd,4,110,86,8845.0
honda,gas,0,four,sedan,fwd,4,110,86,10295.0
honda,gas,0,four,sedan,fwd,4,110,101,12945.0
honda,gas,1,two,sedan,fwd,4,110,100,10345.0
isuzu,gas,0,four,sedan,rwd,4,111,78,6785.0
isuzu,gas,1,two,sedan,fwd,4,90,70,8916.5
isuzu,gas,0,four,sedan,fwd,4,90,70,8916.5
isuzu,gas,2,two,hatchback,rwd,4,119,90,11048.0
jaguar,gas,0,four,sedan,rwd,6,258,176,32250.0
jaguar,gas,0,four,sedan,rwd,6,258,176,35550.0
jaguar,gas,0,two,sedan,rwd,12,326,262,36000.0
mazda,gas,1,two,hatchback,fwd,4,91,68,5195.0
mazda,gas,1,two,hatchback,fwd,4,91,68,6095.0
mazda,gas,1,two,hatchback,fwd,4,91,68,6795.0
mazda,gas,1,four,sedan,fwd,4,91,68,6695.0
mazda,gas,1,four,sedan,fwd,4,91,68,7395.0
mazda,gas,3,two,hatchback,rwd,2,70,101,10945.0
mazda,gas,3,two,hatchback,rwd,2,70,101,11845.0
mazda,gas,3,two,hatchback,rwd,2,70,101,13645.0
mazda,gas,3,two,hatchback,rwd,2,80,135,15645.0
mazda,gas,1,two,hatchback,fwd,4,122,84,8845.0
mazda,gas,0,four,sedan,fwd,4,122,84,8495.0
mazda,gas,1,two,hatchback,fwd,4,122,84,10595.0
mazda,gas,0,four,sedan,fwd,4,122,84,10245.0
mazda,diesel,0,four,sedan,fwd,4,122,64,10795.0
mazda,gas,0,four,hatchback,fwd,4,122,84,11245.0
mazda,gas,0,four,sedan,rwd,4,140,120,18280.0
mazda,diesel,0,four,sedan,rwd,4,134,72,18344.0
buick,diesel,-1,four,sedan,rwd,5,183,123,25552.0
buick,diesel,-1,four,wagon,rwd,5,183,123,28248.0
buick,diesel,0,two,hardtop,rwd,5,183,123,28176.0
buick,diesel,-1,four,sedan,rwd,5,183,123,31600.0
buick,gas,-1,four,sedan,rwd,8,234,155,34184.0
buick,gas,3,two,convertible,rwd,8,234,155,35056.0
buick,gas,0,four,sedan,rwd,8,308,184,40960.0
buick,gas,1,two,hardtop,rwd,8,304,184,45400.0
mercury,gas,1,two,hatchback,rwd,4,140,175,16503.0
mitsubishi,gas,2,two,hatchback,fwd,4,92,68,5389.0
mitsubishi,gas,2,two,hatchback,fwd,4,92,68,6189.0
mitsubishi,gas,2,two,hatchback,fwd,4,92,68,6669.0
mitsubishi,gas,1,two,hatchback,fwd,4,98,102,7689.0
mitsubishi,gas,3,two,hatchback,fwd,4,110,116,9959.0
mitsubishi,gas,3,two,hatchback,fwd,4,122,88,8499.0
mitsubishi,gas,3,two,hatchback,fwd,4,156,145,12629.0
mitsubishi,gas,3,two,hatchback,fwd,4,156,145,14869.0
mitsubishi,gas,3,two,hatchback,fwd,4,156,145,14489.0
mitsubishi,gas,1,four,sedan,fwd,4,122,88,6989.0
mitsubishi,gas,1,four,sedan,fwd,4,122,88,8189.0
mitsubishi,gas,1,four,sedan,fwd,4,110,116,9279.0
mitsubishi,gas,-1,four,sedan,fwd,4,110,116,9279.0
nissan,gas,1,two,sedan,fwd,4,97,69,5499.0
nissan,diesel,1,two,sedan,fwd,4,103,55,7099.0
nissan,gas,1,two,sedan,fwd,4,97,69,6649.0
nissan,gas,1,four,sedan,fwd,4,97,69,6849.0
nissan,gas,1,four,wagon,fwd,4,97,69,7349.0
nissan,gas,1,two,sedan,fwd,4,97,69,7299.0
nissan,gas,1,two,hatchback,fwd,4,97,69,7799.0
nissan,gas,1,four,sedan,fwd,4,97,69,7499.0
nissan,gas,1,four,wagon,fwd,4,97,69,7999.0
nissan,gas,2,two,hardtop,fwd,4,97,69,8249.0
nissan,gas,0,four,hatchback,fwd,4,120,97,8949.0
nissan,gas,0,four,sedan,fwd,4,120,97,9549.0
nissan,gas,0,four,sedan,fwd,6,181,152,13499.0
nissan,gas,0,four,wagon,fwd,6,181,152,14399.0
nissan,gas,3,two,hatchback,rwd,6,181,160,17199.0
nissan,gas,3,two,hatchback,rwd,6,181,200,19699.0
nissan,gas,1,two,hatchback,rwd,6,181,160,18399.0
peugeot,gas,0,four,sedan,rwd,4,120,97,11900.0
peugeot,diesel,0,four,sedan,rwd,4,152,95,13200.0
peugeot,gas,0,four,wagon,rwd,4,120,97,12440.0
peugeot,diesel,0,four,wagon,rwd,4,152,95,13860.0
peugeot,gas,0,four,sedan,rwd,4,120,95,15580.0
peugeot,diesel,0,four,sedan,rwd,4,152,95,16900.0
peugeot,gas,0,four,wagon,rwd,4,120,95,16695.0
peugeot,diesel,0,four,wagon,rwd,4,152,95,17075.0
peugeot,gas,0,four,sedan,rwd,4,120,97,16630.0
peugeot,diesel,0,four,sedan,rwd,4,152,95,17950.0
peugeot,gas,0,four,sedan,rwd,4,134,142,18150.0
plymouth,gas,1,two,hatchback,fwd,4,90,68,5572.0
plymouth,gas,1,two,hatchback,fwd,4,98,102,7957.0
plymouth,gas,1,four,hatchback,fwd,4,90,68,6229.0
plymouth,gas,1,four,sedan,fwd,4,90,68,6692.0
plymouth,gas,1,four,sedan,fwd,4,98,68,7609.0
plymouth,gas,-1,four,wagon,fwd,4,122,88,8921.0
plymouth,gas,3,two,hatchback,rwd,4,156,145,12764.0
porsche,gas,3,two,hatchback,rwd,4,151,143,22018.0
porsche,gas,3,two,hardtop,rwd,6,194,207,32528.0
porsche,gas,3,two,hardtop,rwd,6,194,207,34028.0
porsche,gas,3,two,convertible,rwd,6,194,207,37028.0
porsche,gas,1,two,hatchback,rwd,8,203,288,31400.5
renault,gas,0,four,wagon,fwd,4,132,90,9295.0
renault,gas,2,two,hatchback,fwd,4,132,90,9895.0
saab,gas,3,two,hatchback,fwd,4,121,110,11850.0
saab,gas,2,four,sedan,fwd,4,121,110,12170.0
saab,gas,3,two,hatchback,fwd,4,121,110,15040.0
saab,gas,2,four,sedan,fwd,4,121,110,15510.0
saab,gas,3,two,hatchback,fwd,4,121,160,18150.0
saab,gas,2,four,sedan,fwd,4,121,160,18620.0
subaru,gas,2,two,hatchback,fwd,4,97,69,5118.0
subaru,gas,2,two,hatchback,fwd,4,108,73,7053.0
subaru,gas,2,two,hatchback,4wd,4,108,73,7603.0
subaru,gas,0,four,sedan,fwd,4,108,82,7126.0
subaru,gas,0,four,sedan,fwd,4,108,82,7775.0
subaru,gas,0,four,sedan,fwd,4,108,94,9960.0
subaru,gas,0,four,sedan,4wd,4,108,82,9233.0
subaru,gas,0,four,sedan,4wd,4,108,111,11259.0
subaru,gas,0,four,wagon,fwd,4,108,82,7463.0
subaru,gas,0,four,wagon,fwd,4,108,94,10198.0
subaru,gas,0,four,wagon,4wd,4,108,82,8013.0
subaru,gas,0,four,wagon,4wd,4,108,111,11694.0
toyota,gas,1,two,hatchback,fwd,4,92,62,5348.0
toyota,gas,1,two,hatchback,fwd,4,92,62,6338.0
toyota,gas,1,four,hatchback,fwd,4,92,62,6488.0
toyota,gas,0,four,wagon,fwd,4,92,62,6918.0
toyota,gas,0,four,wagon,4wd,4,92,62,7898.0
toyota,gas,0,four,wagon,4wd,4,92,62,8778.0
toyota,gas,0,four,sedan,fwd,4,98,70,6938.0
toyota,gas,0,four,hatchback,fwd,4,98,70,7198.0
toyota,diesel,0,four,sedan,fwd,4,110,56,7898.0
toyota,diesel,0,four,hatchback,fwd,4,110,56,7788.0
toyota,gas,0,four,sedan,fwd,4,98,70,7738.0
toyota,gas,0,four,hatchback,fwd,4,98,70,8358.0
toyota,gas,0,four,sedan,fwd,4,98,70,9258.0
toyota,gas,1,two,sedan,rwd,4,98,70,8058.0
toyota,gas,1,two,hatchback,rwd,4,98,70,8238.0
toyota,gas,1,two,sedan,rwd,4,98,112,9298.0
toyota,gas,1,two,hatchback,rwd,4,98,112,9538.0
toyota,gas,2,two,hardtop,rwd,4,146,116,8449.0
toyota,gas,2,two,hardtop,rwd,4,146,116,9639.0
toyota,gas,2,two,hatchback,rwd,4,146,116,9989.0
toyota,gas,2,two,hardtop,rwd,4,146,116,11199.0
toyota,gas,2,two,hatchback,rwd,4,146,116,11549.0
toyota,gas,2,two,convertible,rwd,4,146,116,17669.0
toyota,gas,-1,four,sedan,fwd,4,122,92,8948.0
toyota,diesel,-1,four,sedan,fwd,4,110,73,10698.0
toyota,gas,-1,four,hatchback,fwd,4,122,92,9988.0
toyota,gas,-1,four,sedan,fwd,4,122,92,10898.0
toyota,gas,-1,four,hatchback,fwd,4,122,92,11248.0
toyota,gas,3,two,hatchback,rwd,6,171,161,16558.0
toyota,gas,3,two,hatchback,rwd,6,171,161,15998.0
toyota,gas,-1,four,sedan,rwd,6,171,156,15690.0
toyota,gas,-1,four,wagon,rwd,6,161,156,15750.0
volkswagen,diesel,2,two,sedan,fwd,4,97,52,7775.0
volkswagen,gas,2,two,sedan,fwd,4,109,85,7975.0
volkswagen,diesel,2,four,sedan,fwd,4,97,52,7995.0
volkswagen,gas,2,four,sedan,fwd,4,109,85,8195.0
volkswagen,gas,2,four,sedan,fwd,4,109,85,8495.0
volkswagen,diesel,2,four,sedan,fwd,4,97,68,9495.0
volkswagen,gas,2,four,sedan,fwd,4,109,100,9995.0
volkswagen,gas,3,two,convertible,fwd,4,109,90,11595.0
volkswagen,gas,3,two,hatchback,fwd,4,109,90,9980.0
volkswagen,gas,0,four,sedan,fwd,5,136,110,13295.0
volkswagen,diesel,0,four,sedan,fwd,4,97,68,13845.0
volkswagen,gas,0,four,wagon,fwd,4,109,88,12290.0
volvo,gas,-2,four,sedan,rwd,4,141,114,12940.0
volvo,gas,-1,four,wagon,rwd,4,141,114,13415.0
volvo,gas,-2,four,sedan,rwd,4,141,114,15985.0
volvo,gas,-1,four,wagon,rwd,4,141,114,16515.0
volvo,gas,-2,four,sedan,rwd,4,130,162,18420.0
volvo,gas,-1,four,wagon,rwd,4,130,162,18950.0
volvo,gas,-1,four,sedan,rwd,4,141,114,16845.0
volvo,gas,-1,four,sedan,rwd,4,141,160,19045.0
volvo,gas,-1,four,sedan,rwd,6,173,134,21485.0
volvo,diesel,-1,four,sedan,rwd,6,145,106,22470.0
volvo,gas,-1,four,sedan,rwd,4,141,114,22625.0
